"Id","Loc","Name","R2abund","R2gr","modelform","E","tau","theta","JLEmin","JLEmean","JLEmean_mo","JLEsign","taumax","meanlag"
"GPDD_1176","William Trelease Woods","Red-bellied woodpecker",0.413094689441697,0.0997226524864488,"fd-ut",1,1,0,-0.374624010073583,-0.374290250104359,-0.0311908541753633,"not chaotic",6,1
"GPDD_1178","William Trelease Woods","Hairy woodpecker",0.287949566135624,0.104116271147975,"gr-log",1,1,0.1,-0.492287311416849,-0.482435551162166,-0.0402029625968472,"not chaotic",6,1
"GPDD_1179","William Trelease Woods","Downy woodpecker",0.379670719351022,0.107239248167667,"gr-log",2,1,0,-0.228875629259174,-0.222151756555675,-0.0185126463796396,"not chaotic",6,1.37333189426646
"GPDD_1180","William Trelease Woods","Blue jay",0.321201478048139,0.278646972614143,"fd-ut",3,1,2,-0.314893595282901,-0.284301090151401,-0.0236917575126167,"not chaotic",6,1.83667708805775
"GPDD_1181","William Trelease Woods","Common crow or American crow",0.532744859604434,0.694332829290893,"gr-ut",2,1,6,0.511844966019908,0.544011646567165,0.0453343038805971,"chaotic",6,1.60639240877219
"GPDD_1183","William Trelease Woods","White-breasted nuthatch",0.0194353281361082,0.575718730323751,"fd-ut",1,4,0.75,-0.64354348810997,-0.63120859511059,-0.0526007162592159,"not chaotic",6,1
"GPDD_1184","William Trelease Woods","Brown creeper",0.0547396285503629,0.670876107691452,"gr-ut",2,3,0,-0.211601637382357,-0.205134116732298,-0.0170945097276915,"not chaotic",6,1.08748788427631
"GPDD_1187","William Trelease Woods","Cardinal",0.379500160118892,0.352483246896555,"fd-ut",1,1,0,-0.669564792129604,-0.6687610219906,-0.0557300851658833,"not chaotic",6,1
"GPDD_1188","William Trelease Woods","Dark-eyed junco",0.102101552226145,0.764622251218698,"gr-log",1,5,8,0.127758467877182,0.138549005718834,0.0115457504765695,"chaotic",6,1
"GPDD_1189","William Trelease Woods","American tree sparrow",0.0786877948998379,0.696705148829911,"fd-ut",1,5,3,-0.072031770090214,-0.0623471011908123,-0.00519559176590103,"not chaotic",6,1
"GPDD_1213","William Trelease Woods","Common flicker",0.311778544539101,0.190457144101076,"fd-ut",2,1,0.75,-0.532312081487581,-0.526695338039564,-0.0438912781699637,"not chaotic",6,1.37556753008863
"GPDD_1347","Aransas","Whooping crane",0.966462902470336,-0.0772443455054841,"gr-log",1,1,0,0.0162418324739349,0.0171831517885131,0.00143192931570943,"chaotic",6,1
"GPDD_1869","Kodiak Archipelago","Pink salmon",0.0992648590299809,0.392218403209214,"gr-ut",1,2,0,-0.158076418952982,-0.155107021141679,-0.0129255850951399,"not chaotic",6,1
"GPDD_2721","USA","Snowshoe hare or American varying hare",0.478954174167594,0.277855306611755,"fd-ut",5,1,0.75,-0.0854934710023896,-0.0809372860641697,-0.00674477383868081,"not chaotic",6,2.42209300564462
"GPDD_2722","USA","Canadian lynx",0.849096766130091,0.680776860224146,"gr-ut",5,1,3,0.0155395679420572,0.0386724254040215,0.00322270211700179,"chaotic",6,2.46438638555633
"GPDD_2726","Nebraska","Northern bobwhite or Bobwhite quail",0.373875111037911,0.0438395398326823,"gr-ut",1,1,0,-0.460592730651624,-0.448452477801519,-0.0373710398167932,"not chaotic",6,1
"GPDD_2759","Skeena River","Sockeye salmon",0.197113225107962,0.452686638815227,"fd-ut",4,1,0,-0.167730175639999,-0.166317505783024,-0.0138597921485853,"not chaotic",6,2.32558477300135
"GPDD_5019","Queens Gate","Barbary macaque",0.673079628738784,0.658502917732029,"fd-ut",3,3,4,-0.0245808429335621,-0.0103126321367401,-0.000859386011395011,"not chaotic",6,1.79653049988914
"GPDD_5039","Central Illinois","Red-tailed hawk",0.109635994608848,0.486885915124805,"fd-ut",3,2,3,0.0435209749307777,0.0588352873818242,0.00490294061515202,"chaotic",6,2.17268503950033
"GPDD_6524","Vasser, Hopland Field Station, Northern ","California vole",0.309204748892823,0.488582263261881,"gr-log",6,2,0,-0.015075560477849,-0.00536084613042792,-0.00268042306521396,"not chaotic",6,3.0408720374571
"GPDD_6525","Neiderost, Hopland Field Station, Northe","California vole",0.415987049450831,0.154954265795246,"gr-ut",5,1,4,-0.0350985035201281,-0.0121715080190789,-0.00608575400953947,"not chaotic",6,2.42852437801244
"GPDD_6768","Illinois State","Chinch bug",0.189657463378821,0.254850011875632,"fd-ut",1,1,0.3,-0.463814954646918,-0.461552744569885,-0.0384627287141571,"not chaotic",6,1
"GPDD_6789","Hinkley Point","Twaite shad",0.0658635836901141,0.511895832310399,"gr-log",2,6,8,0.0150947843564734,0.0168434318737779,0.0168434318737779,"chaotic",12,1.71850733412824
"GPDD_6791","Hinkley Point","Common eel",0.0651331509139566,0.570465744291687,"fd-ut",5,7,0.3,-0.0499566030707987,-0.0498747776688661,-0.0498747776688661,"not chaotic",12,3.57737962238834
"GPDD_6798","Hinkley Point","5-bearded rockling",0.106611227160468,0.546770297795158,"gr-ut",5,1,0,-0.131605971097396,-0.129921143717006,-0.129921143717006,"not chaotic",12,1.66099481705688
"GPDD_6801","Hinkley Point","Conger",0.0197915601543334,0.379219036616071,"fd-ut",1,1,0,-1.55610523359279,-1.55603799211956,-1.55603799211956,"not chaotic",12,1
"GPDD_6807","Hinkley Point","Bass",0.205104030411188,0.602666415341556,"fd-ut",2,11,4,0.0113273362094555,0.0118002546135318,0.0118002546135318,"chaotic",12,1.29850502079334
"GPDD_6820","Hinkley Point","Dab",0.356882570030684,0.724074037357249,"fd-ut",3,8,1.5,0.0160536714536438,0.0162456681631513,0.0162456681631513,"chaotic",12,2.61129609745526
"GPDD_6821","Hinkley Point","Common sea snail",0.226179808758861,0.3529891884781,"fd-ut",3,11,3,0.0988474602945349,0.100714194893457,0.100714194893457,"chaotic",12,1.56065121769789
"GPDD_6822","Hinkley Point","Thinlipped grey mullet",0.135497927698513,0.0598733725784797,"gr-ut",6,4,4,-0.0144573852200679,-0.0123080021022562,-0.0123080021022562,"not chaotic",12,2.91883402984678
"GPDD_6825","Hinkley Point","Whiting",0.345180854873658,0.296663942776031,"fd-ut",4,1,2,-0.154108670438295,-0.146381160416694,-0.146381160416694,"not chaotic",12,2.02691903798957
"GPDD_6832","Hinkley Point","Flounder",0.248679409068051,0.747591862286927,"fd-ut",6,6,0.75,0.00176929100755167,0.00210080649230582,0.00210080649230582,"not chaotic",12,3.57243913387133
"GPDD_6837","Hinkley Point","Sand goby",0.0756220111206938,0.49093371285377,"fd-ut",4,2,3,-0.0243320384022865,-0.0195056129108855,-0.0195056129108855,"not chaotic",12,2.80536569181267
"GPDD_6848","Hinkley Point","Sole",0.195247445712625,0.371724621382902,"gr-log",2,12,0.3,-0.00891595005244354,-0.00833187213551858,-0.00833187213551858,"not chaotic",12,1.57780952390312
"GPDD_6851","Hinkley Point","Sprat",0.251399879819563,0.662041091942359,"fd-ut",6,4,1,0.0155684834866652,0.0156891291680973,0.0156891291680973,"chaotic",12,4.0012603608175
"GPDD_6859","Hinkley Point","Pout",0.261849976356968,0.270995323399543,"gr-log",6,1,6,0.0859785225131071,0.0920568101122514,0.0920568101122514,"chaotic",12,3.2900576374254
"GPDD_6860","Hinkley Point","Poor-cod",0.0750695724813599,0.344366204721291,"fd-ut",1,1,0,-1.22238988768146,-1.22236287120603,-1.22236287120603,"not chaotic",12,1
"GPDD_7065","Waite Institute Garden, University of Ad","Apple blossom thrip",0.787866520206255,0.633968347141075,"gr-ut",5,3,6,0.0927361563548942,0.10157593825747,0.10157593825747,"chaotic",12,2.74173220399178
"GPDD_9953","Iceland","Rock ptarmigan",0.739346730762403,-0.118595225183904,"fd-ut",5,1,0,-0.117752892419331,-0.117129199667488,-0.00976076663895731,"not chaotic",6,1.98425742831781
"GPDD_9955","Brooks Island, San Francisco Bay","California vole",0.794402798176972,0.114012035026168,"gr-log",3,1,2,-0.187030639506949,-0.175736651485619,-0.175736651485619,"not chaotic",12,1.44315259933155
"GPDD_9191","Cothill","Scarlet tiger moth",0.295480873373424,0.114601533279317,"fd-ut",1,1,0,-0.505635144233232,-0.505038573187774,-0.0420865477656478,"not chaotic",6,1
"GPDD_9192","Cothill","Scarlet tiger moth",0.442805485354862,0.337589804787062,"gr-ut",1,1,8,0.166479349409958,0.257993772265112,0.0214994810220927,"chaotic",6,1
"GPDD_9391","Bialowieza Primeval Forest (Exploited fo","Grey wolf or Timber wolf",0.813975031756209,0.0408111413526504,"fd-ut",1,1,0,-0.153149029330368,-0.152360696601183,-0.0126967247167652,"not chaotic",6,1
"GPDD_9393","Bialowieza Primaeval Forest (Belarussian","Grey wolf or Timber wolf",0.646343834122083,-0.00929230152261806,"gr-log",2,1,0,-0.0888367977951303,-0.0819658436986722,-0.00683048697488935,"not chaotic",6,1.29821005387275
"GPDD_9404","Finland","Eurasian lynx",0.680666882358282,0.0244639472330401,"fd-ut",1,1,0,-0.18990442057596,-0.189232954092699,-0.0157694128410583,"not chaotic",6,1
"GPDD_9489","Saskatchewan","North American mink",0.616198158278823,0.493682366612569,"fd-ut",2,1,0.1,0.0936056384970354,0.095044486893252,0.007920373907771,"chaotic",6,1.07497600197579
"GPDD_9491","Saskatchewan","Muskrat",0.460791002810359,0.0994529123058068,"gr-log",5,1,0,-0.0816750918826143,-0.0668338987045206,-0.00556949155871005,"not chaotic",6,2.39242654303864
"GPDD_9495","Saskatchewan","Fox",0.794044423881423,0.231325151456273,"gr-log",6,1,0,-0.0015522980097824,0.0173288218494911,0.00144406848745759,"not chaotic",6,2.54865804806237
"GPDD_9500","Saskatchewan","Coyote or  Prarie wolf",0.637459760961413,0.023818621444304,"gr-log",3,1,0.3,-0.294009894377863,-0.28728995770557,-0.0239408298087975,"not chaotic",6,1.37003274042828
"GPDD_9517","Unknown","Seed beetle, Pulse beetle or Adzuki bean beetle",0.00566479289771682,0.611472857471831,"fd-ut",2,6,0,-0.118914546525317,-0.118703066227723,-0.00989192218564359,"not chaotic",6,1.44668031005386
"GPDD_9518","Unknown","Parasitoid wasp",0.166634196645519,0.303658698362166,"gr-ut",1,1,0.75,-0.779170961570304,-0.716407991729475,-0.0597006659774562,"not chaotic",6,1
"GPDD_9519","Unknown","Braconid wasp",0.696671516603864,0.146215421071867,"fd-ut",6,1,2,-0.031886094011951,-0.0250857020928146,-0.00209047517440121,"not chaotic",6,2.34471300725388
"GPDD_9586","Wytham Wood","Pine-tree lappet",0.562440468606475,0.639019079716901,"gr-log",6,2,6,0.21799029274883,0.253154315534677,0.0210961929612231,"chaotic",6,3.42503796368312
"GPDD_9598","Unknown","Hawkmoth",0.791540331865271,-0.0190486789319346,"gr-log",6,1,3,0.158078766341643,0.169671342153709,0.0141392785128091,"chaotic",6,3.12864755189873
"GPDD_9612","De Hoge Veluwe National Park","Pine beauty",0.39810887625795,0.384987461974824,"fd-ut",1,1,4,0.687936602106458,0.70307804712074,0.0585898372600617,"chaotic",6,1
"GPDD_9688","Letzlingen","Pine beauty",0.316081505087841,0.336074233871886,"fd-ut",1,1,2,0.630722584941818,0.643848277709357,0.0536540231424464,"chaotic",6,1
"GPDD_9690","Letzlingen","Pine-tree lappet",0.786769335485648,0.720777653202171,"gr-ut",3,1,1.5,-0.0246948469417732,-0.00397859228792018,-0.000331549357326682,"not chaotic",6,1.13770181082506
"GPDD_9791","Great Wood, Wytham Woods","Wood mouse",0.348234896271515,0.475790430741183,"fd-ut",1,4,1.5,-0.265433637565765,-0.256059427073255,-0.0426765711788758,"not chaotic",6,1
"GPDD_9792","Great Wood, Wytham Woods","Bank vole",0.0292507457652534,0.62561428346063,"fd-ut",1,2,8,0.374726741784754,0.387578219811792,0.064596369968632,"chaotic",6,1
"GPDD_9793","Rooipoort, Kimberley","Namaqua sandgrouse",0.198459399418932,0.516606657974854,"gr-ut",2,4,0,0.000373865936536598,0.00552807336835973,0.000460672780696644,"not chaotic",6,1.33412154620794
"GPDD_9833","East Anglia","Nutria or Coypu",0.950196399999982,0.0194767476604536,"gr-ut",1,1,0,-0.0371380428051376,-0.0360572402018866,-0.0360572402018866,"not chaotic",12,1
"GPDD_9834","East Anglia","Nutria or Coypu",0.968740935840309,0.240056189185331,"gr-log",2,1,0,-0.0425853273183454,-0.0412630808825703,-0.0412630808825703,"not chaotic",12,1.25254933051954
"GPDD_9917","Pallasjarvi, Finnish Lapland","Field vole",-0.0250300463116357,0.488194541922725,"gr-ut",1,1,0,-2.93960802099937,-2.91857691068298,-0.486429485113831,"not chaotic",6,1
"GPDD_9918","Pallasjarvi, Finnish Lapland","Root vole",-0.0221967740346294,0.3133905125779,"gr-log",1,1,0,-1.60570111453313,-1.49764547897981,-0.249607579829968,"not chaotic",6,1
"GPDD_9919","Pallasjarvi, Finnish Lapland","Northern red-backed vole",0.0294662077766802,0.486704908015299,"gr-log",5,1,8,2.03427186738887,2.33912879177786,0.389854798629643,"chaotic",6,3.03042477887617
"GPDD_9920","Pallasjarvi, Finnish Lapland","Grey-sided vole, red-grey vole",0.803856076145442,0.490591966114966,"gr-log",2,2,8,1.01824679865144,1.05680955466403,0.176134925777338,"chaotic",6,1.44276501893649
"GPDD_9921","Pallasjarvi, Finnish Lapland","Bank vole",0.160571033973982,0.669627091691869,"gr-log",2,4,4,0.594697013738061,0.750201103566501,0.125033517261083,"chaotic",6,1.42992868978432
"LP_539","Gran Paradiso NP, NW Italy","Alpine ibex",0.598624937746591,0.238398347108646,"fd-ut",5,1,2,-0.149751019255561,-0.145385625662794,-0.0121154688052329,"not chaotic",6,2.81722896485821
"LP_848","Adams Complex, British Columbia","Sockeye salmon / Red salmon",0.709649750463686,0.92638297744572,"gr-log",2,1,6,-0.297743071066274,-0.173722516789488,-0.014476876399124,"not chaotic",6,1.3751660893586
"LP_849","Birkenhead River, BC","Sockeye salmon / Red salmon",0.349363578064491,0.449635651596038,"gr-log",2,2,2,-0.119281765522803,-0.105584602234282,-0.00879871685285679,"not chaotic",6,1.67065566321315
"LP_850","Chilko Lake, British Columbia","Sockeye salmon / Red salmon",0.479602813358339,0.739145508176705,"fd-ut",4,1,0.5,0.162524859090247,0.163610187416756,0.0136341822847296,"chaotic",6,3.32016798991182
"LP_851","Chilko River, BC","Sockeye salmon / Red salmon",0.299249036476285,0.327668649372252,"fd-ut",2,4,4,-0.0116807925763883,0.0102807131014659,0.000856726091788829,"not chaotic",6,1.48893913018866
"LP_852","Early Stuart Complex, BC","Sockeye salmon / Red salmon",0.700426162560802,0.54652808709312,"gr-ut",5,1,2,0.226980160572339,0.259868319414246,0.0216556932845205,"chaotic",6,2.88396153586553
"LP_853","Horsefly River, BC","Sockeye salmon / Red salmon",0.959315350306781,0.962928206409474,"gr-log",1,4,0,0.123916295605689,0.124764132465628,0.0103970110388023,"chaotic",6,1
"LP_854","Late Stuart Complex, BC","Sockeye salmon / Red salmon",0.901274578080203,0.923622910179097,"fd-ut",3,2,8,0.300648123913223,0.325562383625818,0.0271301986354849,"chaotic",6,1.91428377374412
"LP_856","Rivers Inlet, BC","Sockeye salmon / Red salmon",0.0243665975595749,0.315245550575644,"fd-ut",2,1,0,-0.642477059874855,-0.635829213094678,-0.0529857677578898,"not chaotic",6,1.43948026931806
"LP_857","Smith Inlet, BC","Sockeye salmon / Red salmon",0.299077297031927,0.166765253352915,"gr-ut",1,5,8,0.105940436622812,0.114420794819225,0.00953506623493541,"chaotic",6,1
"LP_858","Stellako River, BC","Sockeye salmon / Red salmon",0.279008065684666,0.751015310830669,"gr-ut",3,3,0.3,-0.0209209248768064,-0.00675789914326049,-0.000563158261938374,"not chaotic",6,1.90873816594287
"LP_859","Weaver Creek, BC","Sockeye salmon / Red salmon",0.17117069230604,0.394713739916336,"gr-log",2,2,0,-0.0874385040327237,-0.0753502410695266,-0.00627918675579389,"not chaotic",6,1.67853904445676
"LP_861","Black Lake, Alaska","Sockeye salmon / Red salmon",0.310660943449061,0.397677366656694,"gr-log",3,1,0,-0.206335663446123,-0.179080732494052,-0.0149233943745043,"not chaotic",6,1.97967441411787
"LP_862","Egegik River, Alaska","Sockeye salmon / Red salmon",0.311326380914052,0.267280591431888,"gr-log",3,1,0.75,-0.122112424076072,-0.10752595223065,-0.00896049601922081,"not chaotic",6,1.72353486861736
"LP_863","Igushik River, Alaska","Sockeye salmon / Red salmon",0.00668796890518875,0.521442738995032,"gr-log",2,2,6,0.123455380247004,0.158882295257656,0.0132401912714713,"chaotic",6,1.4838078189573
"LP_866","Kvichak River, Alaska","Sockeye salmon / Red salmon",0.418216406104553,0.468027711191949,"fd-ut",1,5,2,-0.202910827767761,-0.198676898903803,-0.0165564082419836,"not chaotic",6,1
"LP_868","Naknek, Alaska","Sockeye salmon / Red salmon",0.256027258501781,0.521176066665385,"gr-log",6,1,0.3,-0.0531471012487323,-0.0396930554459371,-0.00330775462049476,"not chaotic",6,3.3168321387743
"LP_869","Red River, Alaska","Sockeye salmon / Red salmon",0.649220409270888,0.621989582941321,"gr-ut",4,1,6,-0.0601894662192742,-0.0264538109366905,-0.00220448424472421,"not chaotic",6,2.44519999954999
"LP_870","Ugashik River, Alaska","Sockeye salmon / Red salmon",0.0971587920236893,0.192354101757156,"fd-ut",1,1,0,-0.819261216465849,-0.818461704417409,-0.068205142034784,"not chaotic",6,1
"LP_871","Wood River, Alaska","Sockeye salmon / Red salmon",0.176780674797993,0.439554268578903,"gr-ut",2,4,0,-0.126356808174945,-0.118321507170938,-0.00986012559757821,"not chaotic",6,1.34722622141552
"LP_885","Michigan Waters of Lake Superior","Lake trout",0.856735576156041,0.0249213740090481,"fd-ut",1,1,4,-0.395622123597328,-0.368547141084404,-0.0307122617570337,"not chaotic",6,1
"LP_886","Wisconsin Waters of Lake Superior","Lake trout",0.580516790188056,0.0163426747025788,"gr-log",1,1,0,-0.263764865421096,-0.258978806342989,-0.0215815671952491,"not chaotic",6,1
"LP_992","North America","Northern pintail",0.54664844830673,0.730408556417251,"fd-ut",2,2,6,0.0255853946716422,0.045054525408347,0.00375454378402892,"chaotic",6,1.42116334252696
"LP_995","North America","American wigeon",0.295652668572414,0.241529239496328,"fd-ut",1,1,2,-0.967218708997811,-0.908825195202861,-0.0757354329335718,"not chaotic",6,1
"LP_999","North America","Northern shoveler",0.306121699242054,0.128067626080747,"gr-ut",1,1,4,-0.187768108334082,-0.157945706224444,-0.0131621421853703,"not chaotic",6,1
"LP_1001","North America","Common teal",0.378128587778524,0.418442785138522,"fd-ut",4,2,3,0.00785938635007816,0.0143628175652663,0.00119690146377219,"not chaotic",6,2.70578926312771
"LP_1007","North America","Blue-winged teal",0.475739302282453,0.124211711330096,"fd-ut",5,1,0,-0.0802028816939873,-0.0791407098593643,-0.00659505915494703,"not chaotic",6,2.86204775562824
"LP_1014","North America","Mallard",0.730396132409472,0.336114053396603,"fd-ut",5,1,1.5,-0.0421699071080587,-0.027865351271527,-0.00232211260596058,"not chaotic",6,2.4987702997776
"LP_1019","North America","Gadwall",0.876543019403018,-0.0329233671101374,"gr-log",1,1,0,-0.0602852936072222,-0.0552388296769504,-0.00460323580641253,"not chaotic",6,1
"LP_1024","North America","Redhead",0.545684305999462,-0.0222842173679911,"fd-ut",4,1,0,-0.231032009508574,-0.22854277254266,-0.0190452310452216,"not chaotic",6,1.77607655548641
"LP_1029","North America","Canvasback",0.106954327101147,0.232388873739072,"fd-ut",1,1,0,-0.8306369383444,-0.829376840978849,-0.0691147367482375,"not chaotic",6,1
"LP_1438","NAFO 4X","Atlantic cod / Cod",0.822588152318807,0.224437070022415,"fd-ut",2,1,0,-0.275886766714934,-0.273660445549731,-0.0228050371291443,"not chaotic",6,1.29207452527585
"LP_1933","Tipperne","Northern lapwing",0.860600860920744,-0.0659204608815975,"fd-ut",1,1,0,-0.041031938110233,-0.0407506742501669,-0.00339588952084724,"not chaotic",6,1
"LP_1965","Farne Islands","Grey seal",0.84596559858371,0.526589317861782,"gr-log",6,1,0,-0.0595227297470047,-0.0545740357339831,-0.00454783631116526,"not chaotic",6,3.47249730435138
"LP_2048","Northern Strait of Georgia","Pacific herring",0.565338750368977,0.0379447590035989,"gr-ut",1,1,0,-0.235094917859899,-0.201805249481734,-0.0168171041234779,"not chaotic",6,1
"LP_2077","Hauraki gulf/Bay of Plenty, New Zealand","Silver seabream",0.987339660999664,0.956764549326554,"gr-ut",3,3,6,-0.0525272545290391,-0.0306289813267272,-0.0025524151105606,"not chaotic",6,2.02193804619526
"LP_2078","New Zealand SNA 8","Silver seabream",0.997256899713165,0.04116026536464,"fd-ut",1,1,0,-0.0165645996405701,-0.0165009287189022,-0.00137507739324185,"not chaotic",6,1
"LP_2079","Hecate Strait (Area DC/5)","English sole",0.776171416630736,0.817137964621429,"gr-log",3,3,6,0.0536503475743711,0.0590267303574469,0.00491889419645391,"chaotic",6,2.17636848584088
"LP_2092","Pacific coast of Japan","Chub mackerel",0.889811542026974,-0.0669320795906421,"gr-ut",1,1,0,-0.0156484552628942,-0.0140133382203798,-0.00116777818503165,"not chaotic",6,1
"LP_3265","Pacific Flyway","Canada goose",0.515231980139218,0.538423222887775,"fd-ut",4,2,2,-0.0580534787706288,-0.0506588405362657,-0.00422157004468881,"not chaotic",6,2.23523830944971
"LP_4504","British Columbia coast","Sablefish",0.99851642696238,0.644914540408513,"gr-log",2,1,0,-0.0779074022857367,-0.0751083084712816,-0.00625902570594013,"not chaotic",6,1.30437789686474
"LP_4505","NAFO divisions 4X5Y, Southern Scotian Sh","Haddock",0.825896720068861,-0.0534848014208864,"gr-log",4,1,1.5,-0.115933320422705,-0.0894940019969817,-0.00745783349974847,"not chaotic",6,1.77793645247892
"LP_4637","South Umpqua River, Oregon","Chinook salmon",0.289845854529026,0.429433680706424,"fd-ut",2,1,3,0.0935495033901337,0.107784389671824,0.00898203247265201,"chaotic",6,1.34847608161954
"LP_4641","North Sea","Atlantic herring",0.900816280121291,0.597349774187107,"gr-log",4,1,0,-0.0655735719568512,-0.0575449839293451,-0.00479541532744542,"not chaotic",6,1.72046880207535
"LP_4651","Britain","Pink-footed goose",0.948107670756059,0.342154751322531,"gr-ut",1,1,4,-0.262130194025702,-0.227248763205217,-0.0189373969337681,"not chaotic",6,1
"LP_4809","Isle Royale National Park, USA","Grey wolf / Gray wolf",0.582068006268585,0.536556633714088,"gr-ut",4,2,4,-0.00341134947092353,-0.000594993320572711,-4.95827767143926e-05,"not chaotic",6,2.34131724334102
"LP_4926","Gombe National Park, Kigoma Region, nort","Chimpanzee",0.897580172872619,0.400141199484622,"gr-log",2,1,4,-0.014419429752439,-0.0042097670713589,-0.000350813922613241,"not chaotic",6,1.33120733970639
"LP_5425","Cape Royds, Ross Island, in the southwes","Adelie penguin",0.725965597097975,0.00392746106587982,"fd-ut",1,1,1,-0.141131852067312,-0.137253119379766,-0.0114377599483139,"not chaotic",6,1
"LP_5746","Fishing Branch River, Porcupine River dr","Chum salmon",0.172417910991683,0.873884954133087,"gr-ut",1,4,0.75,-0.343050302074986,-0.325425213411018,-0.0271187677842515,"not chaotic",6,1
"LP_5749","Delta River, Tanana River drainage, Alas","Chum salmon",0.305724495436986,0.281956737268916,"fd-ut",2,2,0.1,-0.0510373354274507,-0.0507814186583637,-0.00423178488819697,"not chaotic",6,1.48962220200879
"LP_5765","Delta Clearwater River, Upper Tanana riv","Coho salmon",0.269902854860365,0.655244365120749,"fd-ut",1,5,3,0.0633931545209738,0.0672141220295789,0.00560117683579824,"chaotic",6,1
"LP_5781","Anvik River, Yukon river drainage, Alask","Chum salmon",0.102250452871321,0.257501885069194,"gr-log",3,1,0,-0.231044453251924,-0.21177611279283,-0.0176480093994025,"not chaotic",6,1.82815986762459
"LP_5808","Whitehorse fishway Rapids, Yukon","Chinook salmon",0.576527353664507,0.320690723697097,"gr-log",3,1,3,-0.162617529428826,-0.152053117565724,-0.012671093130477,"not chaotic",6,1.60101947153888
"LP_5831","Kilpisjarvi area, Lappi","Grey-sided vole / Grey red-backed vole",0.317062562957901,0.671763031939132,"gr-log",2,1,1,-0.136055121085292,-0.104911578709721,-0.00874263155914342,"not chaotic",6,1.73027993665534
"LP_5934","Eastern Bering sea","Alaska pollock / Walleye pollock",0.937196597623215,0.465357321366063,"fd-ut",3,1,0,-0.122909489988574,-0.122132349355857,-0.0101776957796548,"not chaotic",6,1.60448441427286
"LP_6828","Croatia","Eurasian spoonbill",0.695689560572229,0.43902695781472,"fd-ut",1,1,0,-0.174619039982486,-0.173953511470844,-0.0144961259559037,"not chaotic",6,1
"LP_7375","Camargue","Cattle egret",0.907406619965514,-0.0405733272576192,"gr-log",1,1,4,0.0358256929807739,0.0413278384608014,0.00344398653840012,"chaotic",6,1
"LP_7838","Dordogne (fishing zones 10-13), Garonne ","Sea lamprey",0.318828764898501,0.19515451390839,"fd-ut",2,1,0,-0.113585950425486,-0.110411769514961,-0.00920098079291343,"not chaotic",6,1.50387346530037
"LP_8011","Kharlov, Murman coast, North-West Russia","Black-legged kittiwake",0.747381939681067,0.200749419015759,"fd-ut",1,1,1,-0.509741547144374,-0.48494763294246,-0.040412302745205,"not chaotic",6,1
"LP_8564","Mt Gardner, Australia","Noisy scrub-bird",0.955845442985674,0.236603320264767,"gr-log",2,1,0.5,-0.128993404509966,-0.120383651138252,-0.0100319709281877,"not chaotic",6,1.24477186285798
"LP_8589","Northern stock","Silver hake / Whiting",0.182519488725065,0.210525702570799,"gr-ut",2,3,4,-0.0492022067652143,-0.0262597692471126,-0.00218831410392605,"not chaotic",6,1.47656637526851
"LP_8590","Southern stock","Silver hake / Whiting",0.196161615411624,0.371790955125896,"gr-log",2,1,0,-0.296619658625696,-0.286337157301348,-0.0238614297751123,"not chaotic",6,1.67315643863448
"LP_8603","Gulf of Maine, southern stock","American angler",0.190691406829859,0.706375800503939,"gr-ut",2,2,0,-0.244331334561196,-0.222060812624825,-0.0185050677187354,"not chaotic",6,1.14449349019172
"LP_8610","Northern stock: the Gulf of Maine to Nor","Red hake",0.304041504436522,0.094622636750758,"gr-ut",2,1,0,-0.711934012824057,-0.640328785898937,-0.0533607321582448,"not chaotic",6,1.09025188069078
"LP_8611","Southern stock: the Southern Georges Ban","Red hake",0.358426465061024,0.512165226599545,"gr-ut",4,1,4,-0.0157651363949614,0.00153720595641326,0.000128100496367771,"not chaotic",6,2.40476311681022
"LP_10096","Mole National Park, Northern Ghana","African lion / Asiatic lion",0.0752690010051333,0.268616858903073,"fd-ut",1,3,0,-0.316593660642255,-0.315540040625081,-0.0262950033854234,"not chaotic",6,1
"LP_10190","Pointe Geologie, Adelie Land, Antarctica","Emperor penguin",0.647031043485254,0.339244368268441,"gr-log",3,1,1,-0.167748029986329,-0.157912531028044,-0.0131593775856703,"not chaotic",6,2.2169332385671
"LP_10392","Dovre Mountains, Central Norway","Musk ox",0.97986449629928,0.478053673694714,"gr-log",2,2,8,0.0533011959136318,0.0617617115249484,0.0051468092937457,"chaotic",6,1.41814920943147
"LP_10478","Saxonian Elbsandsteingebirge, Sachsen-An","Eurasian eagle-owl",0.806435577957678,-0.0141051811162101,"fd-ut",1,1,0,-0.109413284369421,-0.109037417912832,-0.00908645149273603,"not chaotic",6,1
"LP_10671","Jesen?íky Mountains, Czech Republic","Eurasian eagle-owl",0.933548263792551,0.218435737505801,"gr-ut",2,1,0,-0.0750547844473607,-0.0623876967665261,-0.00519897473054384,"not chaotic",6,1.44212106555414
"LP_10734","Polish part of Bia?Úowie??a National Par","European bison",0.987910577276996,-0.0368343088623702,"fd-ut",1,1,0,0.00580429407785032,0.00586396251554678,0.000488663542962231,"not chaotic",6,1
"LP_10775","Switzerland (population occurs in the no","White stork",0.99420766277503,-0.0225989602034127,"gr-ut",1,1,0,0.0267267336546559,0.0356729544254619,0.00297274620212183,"chaotic",6,1
"LP_10967","North Pacific","Swordfish",0.915278801618924,0.202597203086004,"gr-ut",6,1,2,-0.0678584222791787,-0.0514524818370424,-0.00428770681975353,"not chaotic",6,2.21266079737054
"LP_11096","Georges Bank (5Z)","Atlantic cod / Cod",0.504058712682802,0.532901600144307,"gr-log",2,4,4,-0.0492263352261532,-0.0387900164892022,-0.00323250137410018,"not chaotic",6,1.51377895373381
"LP_11147","Rostov-Oblast (Rostov District)","Elk / moose",0.960299476725484,0.384353134362289,"gr-log",2,1,0,-0.170715622232504,-0.141551236342382,-0.0117959363618651,"not chaotic",6,1.29279185900779
"LP_11154","Schweizer Nationalpark","Tatra chamois / Alpine chamois",0.44284003701142,0.445476786985389,"gr-ut",2,2,4,0.0575409385789519,0.0635028497217547,0.00529190414347956,"chaotic",6,1.35423976726246
"LP_11162","Solway Firth, UK (Svalbard population)","Barnacle goose",0.979283236735663,-0.0282902846720909,"fd-ut",1,1,0,0.0272631206261424,0.0274473313310396,0.00228727761091997,"chaotic",6,1
"LP_11167","Slovakia","Red deer / Elk",0.898883057121099,0.0638908723534454,"fd-ut",1,1,0,-0.0607381582720781,-0.0601430708589655,-0.00501192257158046,"not chaotic",6,1
"LP_11169","Hungary","Red deer / Elk",0.960713958563593,-0.0801788541918753,"gr-ut",1,1,0,-0.0269270964892286,-0.0216824425380325,-0.00180687021150271,"not chaotic",6,1
"LP_11184","Black Sea Biosphere Reserve, Southern Uk","Sandwich tern",0.290036727234813,0.660886171457669,"fd-ut",2,2,3,-0.162715347845338,-0.131708875015108,-0.0109757395845923,"not chaotic",6,1.46515718398445
"LP_11186","German north sea coast","Sandwich tern",0.73677710784046,0.0986006909813445,"fd-ut",2,1,0,-0.0955376356546388,-0.0948620927324154,-0.00790517439436795,"not chaotic",6,1.37130691121328
"LP_11188","Netherlands and Belgium","Sandwich tern",0.935695698357787,-0.156659461638609,"gr-ut",3,2,2,0.0374823764969451,0.0398370110220277,0.00331975091850231,"chaotic",6,1.61794411035525
"LP_11202","South-eastern Australian continental she","Tiger flathead",0.965735769241491,-0.0384339190137704,"gr-ut",1,1,0,-0.0145910600744025,-0.0132419196457986,-0.00110349330381655,"not chaotic",6,1
"LP_11206","South-eastern Australian continental she","Tarakihi",0.986283490904209,0.0317226017875706,"gr-ut",1,1,0,0.00805073827692984,0.0105653526003683,0.00088044605003069,"not chaotic",6,1
"LP_11349","Jura Mountains","Peregrine falcon",0.957462113654671,0.0587764054918253,"gr-log",1,1,1.5,-0.0644154621837074,-0.0527343558863716,-0.00439452965719763,"not chaotic",6,1
"LP_11473","Hungary","European roe deer",0.983060210793257,0.0453860171296082,"gr-log",1,1,0,-0.0159744985596688,-0.013293398111855,-0.00110778317598792,"not chaotic",6,1
"LP_11474","Hungary","Wild boar / Wild pig",0.976596538530543,0.69682819041388,"gr-log",2,3,8,0.0649426604961126,0.0772752135683841,0.00643960113069867,"chaotic",6,1.4950529369688
"LP_12009","Newburyport region, Massachusetts","Hudsonian godwit",0.784023120827199,0.0624842033162539,"fd-ut",4,1,0,-0.135986600853873,-0.133175361929579,-0.0110979468274649,"not chaotic",6,1.88361694454127
"LP_12010","Chatham region, Massachusetts","Hudsonian godwit",0.339869597713792,0.24983700218628,"gr-ut",1,1,0,-0.573863307312444,-0.560507644385746,-0.0467089703654789,"not chaotic",6,1
"LP_12065","Schleswig-Holstein","Eurasian dotterel",-0.0208966726988749,0.293049095107904,"fd-ut",1,4,0.1,-0.302818708987337,-0.302159802097303,-0.0251799835081086,"not chaotic",6,1
"LP_12074","Britain, Ireland","Bean goose",0.85751006904259,0.302125491142864,"gr-ut",5,1,0,-0.0554822337378468,-0.0456985449668576,-0.00380821208057146,"not chaotic",6,2.72725587217348
"LP_12088","Handa Island, Scotland","Great skua",0.977695532652403,0.698509632808448,"fd-ut",2,3,3,0.0537600426739681,0.0599869997943383,0.00499891664952819,"chaotic",6,1.50485799606823
"LP_12221","Eastern population wintering along the A","Tundra swan",0.64589190185663,0.26649584107412,"gr-ut",2,1,0.75,-0.110563581004304,-0.100023303411665,-0.0083352752843054,"not chaotic",6,1.63544798390872
"LP_12295","Oostkustpolders, Flanders","Pink-footed goose",0.943208619749386,-0.0612573404884666,"fd-ut",1,1,0,0.0310554817977206,0.0314000973892168,0.00261667478243473,"chaotic",6,1
"LP_12304","Oostkustpolders, Flanders","Greater white-fronted goose",0.129376508211257,0.510051722586737,"gr-ut",1,1,0,-0.573328919645302,-0.506681528888377,-0.042223460740698,"not chaotic",6,1
"LP_12308","Britain, Ireland","Pink-footed goose",0.925968971288273,0.130289204528369,"gr-ut",2,4,4,0.0503298922765551,0.052682110165206,0.0043901758471005,"chaotic",6,1.35058540329581
"LP_12357","Britain, Ireland","Greater white-fronted goose",0.438247169251213,0.0979577117725601,"fd-ut",2,1,0,-0.157026469070458,-0.155807158402575,-0.0129839298668812,"not chaotic",6,1.35347263173402
"LP_12379","Wintering population of the Central and ","Greater white-fronted goose",0.76140511777581,0.72638609532928,"fd-ut",2,2,6,0.00220005824701559,0.0388855136460624,0.0032404594705052,"not chaotic",6,1.55564588166604
"LP_12550","Atlantic flyway population wintering alo","Brent goose",0.398870260731673,0.0640898399024351,"gr-ut",3,1,0,-0.245640473243321,-0.235598451296038,-0.0196332042746698,"not chaotic",6,1.6464193962914
"LP_12551","St. Lawrence River Valley spring staging","Snow goose",0.949415822431218,0.572303648228189,"fd-ut",4,2,3,0.0397669978196435,0.0482517435741498,0.00402097863117915,"chaotic",6,2.40304491227757
"LP_12568","Central and South US (Texas, Oklahoma, K","Snow goose",0.777453651002335,0.26502133289307,"gr-log",4,1,1.5,-0.00499035356161944,-0.00176919232787193,-0.000147432693989328,"not chaotic",6,2.49210715100365
"LP_12581","Britain, Ireland (Light-bellied brent go","Brent goose",0.415602862110719,0.291308340298034,"fd-ut",2,1,1.5,-0.280905489990218,-0.270500984282174,-0.0225417486901811,"not chaotic",6,1.38396685612055
"LP_12582","Britain, Ireland (Light-bellied brent go","Brent goose",0.73970457239299,0.14949797959919,"fd-ut",2,1,0,0.0407500383034877,0.0421146537063206,0.00350955447552672,"chaotic",6,1.42378808081576
"LP_12650","South coast of Scania","Long-tailed duck",0.557801146806416,0.487932072395959,"fd-ut",1,3,4,-0.124161772659542,-0.113758436266451,-0.00947986968887088,"not chaotic",6,1
"LP_12656","Blekinge archipelago, southeast Sweden","Long-tailed duck",0.355969864924491,0.517198578136904,"fd-ut",1,2,0,-0.420796634211492,-0.41890159056057,-0.0349084658800475,"not chaotic",6,1
"LP_12659","North ?¹land","Long-tailed duck",0.0156870986939741,0.418474712625299,"fd-ut",2,3,0.3,-0.225833853085972,-0.22458948687378,-0.018715790572815,"not chaotic",6,1.43274410628512
"LP_12678","S??dersk?±r Island, Gulf of Finland","Long-tailed duck",0.0616145372775421,0.211798237773129,"fd-ut",1,2,0,-0.448188974857134,-0.446202782846546,-0.0371835652372122,"not chaotic",6,1
"LP_13019","New Brunswick","American woodcock",0.357426037786917,0.160610944988236,"fd-ut",1,1,0,-0.508194948730336,-0.506360593136792,-0.0421967160947327,"not chaotic",6,1
"LP_13025","Nova Scotia","American woodcock",0.447765765337353,0.20781045740641,"fd-ut",3,1,0,-0.104917753249908,-0.102091526973049,-0.00850762724775412,"not chaotic",6,1.91291418157295
"LP_13028","Prince Edward Island","American woodcock",0.707015083549223,0.0427129601183009,"fd-ut",1,1,2,-0.115546687300216,-0.110441733201835,-0.0092034777668196,"not chaotic",6,1
"LP_13030","Qu?«bec","American woodcock",0.940182301862113,0.236442179721888,"fd-ut",4,1,0,-0.00666203972452996,-0.00563117785866649,-0.00046926482155554,"not chaotic",6,2.51364800079651
"LP_13040","Ontario","American woodcock",0.865067982932553,0.11721938502339,"fd-ut",5,1,0.75,-0.0150485550902048,-0.0087467756539702,-0.000728897971164183,"not chaotic",6,2.47387088235075
"LP_14553","North-west Atlantic Ocean","Killer whale / Orca",0.491368399283632,0.123332316928931,"gr-ut",1,1,3,-0.594649199619328,-0.506600588647639,-0.0422167157206366,"not chaotic",6,1
"LP_14554","Hecate Strait, British Columbia","Rock sole",0.702414544736926,0.0567474955605098,"gr-ut",4,1,0,-0.0855104846327063,-0.0815004116154046,-0.00679170096795038,"not chaotic",6,1.89434356347781
"LP_14829","NAFO division 3LNO, Newfoundland and Lab","American plaice",0.986025596150291,0.540272931596218,"fd-ut",2,1,0,-0.112707553527314,-0.112151500503906,-0.00934595837532554,"not chaotic",6,1.29738628558858
"LP_14833","NAFO division 4VWX, Southern Gulf of St.","American plaice",0.0548490063112018,0.242971325525587,"gr-ut",1,1,0,-0.991862578003497,-0.97222230617831,-0.0810185255148592,"not chaotic",6,1
"LP_14848","Northern Gulf and Newfoundland","American eel",0.281670757069417,0.58864494332713,"gr-log",3,2,4,-0.00850308265127518,0.0161346163242745,0.0013445513603562,"not chaotic",6,2.01447520848012
"LP_17406","Japanese tuna longline fishing areas in ","Swordfish",0.360029592452133,0.417809528666543,"gr-ut",4,1,2,-0.115631195519398,-0.102415839184316,-0.00853465326535963,"not chaotic",6,2.37517322166206
"LP_17407","Japanese tuna longline fishing areas in ","Swordfish",0.302866294170534,0.204226816845238,"gr-ut",2,1,0,-0.256974552920871,-0.253021939865247,-0.0210851616554372,"not chaotic",6,1.43897227108403
"LP_17408","Japanese tuna longline fishing areas in ","Swordfish",0.28990526784431,0.157356897612529,"fd-ut",2,1,0.5,-0.607498915455869,-0.593684429296042,-0.0494737024413368,"not chaotic",6,1.11932518286781
"LP_17409","Japanese tuna longline fishing areas in ","Swordfish",0.589678809406939,0.232079968004948,"gr-log",4,1,0,-0.0879380640647737,-0.0726613028320178,-0.00605510856933482,"not chaotic",6,1.91892121692298
"LP_17410","Japanese longline fishing area in the In","Blue marlin",0.847649878741856,0.207911072607159,"fd-ut",2,1,3,-0.306390028096325,-0.284708902220637,-0.0237257418517197,"not chaotic",6,1.29973865947088
"LP_17411","Japanese longline fishing area in the In","Striped marlin",0.794553633609459,0.78199145241252,"fd-ut",2,4,3,-0.0896558002582783,-0.085896544706311,-0.00715804539219258,"not chaotic",6,1.40897943403919
"LP_17412","Japanese longline fishing area in the In","Black marlin",0.797664591193023,0.699250305395336,"gr-ut",3,1,2,-0.17617443702043,-0.165845529631265,-0.0138204608026054,"not chaotic",6,1.46593369742001
"LP_17444","Chioggia fishing area, Adriatic Sea","Atlantic mackerel",0.72613001535542,0.551503302847717,"gr-ut",2,3,0.3,-0.103963637622985,-0.0945018441527939,-0.00787515367939949,"not chaotic",6,1.1234506567489
"LP_17785","Besnard Lake, Saskatchewan","Bald eagle",0.280254457801448,0.422931690243585,"fd-ut",3,1,3,-0.255249283949522,-0.238119357383076,-0.019843279781923,"not chaotic",6,2.06667748398371
"LP_17808","Magdalen Shallows, Southern Gulf of St. ","Moustache sculpin",0.626755647521684,0.358936212671424,"gr-ut",5,1,0,-0.0668200010113022,-0.0197475525291421,-0.00164562937742851,"not chaotic",6,2.14586756546343
"LP_17809","Magdalen Shallows, southern Gulf of St. ","Fourbeard rockling",0.574947670444297,0.320531326922592,"fd-ut",2,1,4,-0.0211670920532334,-0.00168307149995009,-0.000140255958329174,"not chaotic",6,1.31387469752695
"LP_17810","Magdalen Shallows, southern Gulf of St. ","Alligatorfish",0.636855684313194,0.314901658503449,"gr-ut",1,1,8,0.339297046281725,0.394424724583871,0.0328687270486559,"chaotic",6,1
"LP_18240","Lake Srebarna, Srebarna Nature Reserve","Dalmatian pelican",-0.0324441013856482,0.548591971642833,"fd-ut",1,5,0,-0.288302637011863,-0.287127442569549,-0.0239272868807958,"not chaotic",6,1
"LP_18493","Central Zone, Chile","South Pacific hake / Peruvian hake",0.665496257158198,-0.0903063730022027,"gr-log",2,1,0,-0.15469799199164,-0.151532546722487,-0.0126277122268739,"not chaotic",6,1.06863621208103
"LP_18740","Kauhava region, western Finland","Bank vole",0.351064222625033,0.202424057791516,"fd-ut",1,3,8,0.109888943573979,0.141609109397196,0.011800759116433,"chaotic",6,1
"LP_19103","North Dakota","Pronghorn",0.567485001210988,0.0363091074732563,"gr-log",1,1,0,-0.221561416982713,-0.209906779915495,-0.0174922316596246,"not chaotic",6,1
"LP_19172","Eastern Bering Sea and Aleutian Islands ","Northern rock sole",0.980740894778048,0.396914254462099,"gr-log",2,1,0,-0.0322604937303269,-0.0237222042636609,-0.00197685035530507,"not chaotic",6,1.25415495401654
"LP_19193","Gulf of Maine / Georges Bank-Southern Ne","Barndoor skate",0.860475121192402,0.439001044660697,"fd-ut",4,2,0,0.251400073743273,0.251836858037221,0.0209864048364351,"chaotic",6,1.66720913125684
"LP_19194","Gulf of Maine / Georges Bank-Southern Ne","Smooth skate",-0.00404402085018019,0.367554606354216,"fd-ut",1,1,1,-1.79792896119116,-1.76451583042132,-0.147042985868443,"not chaotic",6,1
"LP_19195","Gulf of Maine / Georges Bank-Southern Ne","Starry ray",0.575263812341377,0.121155443904232,"gr-log",5,1,0,-0.0407649884044229,-0.0269628621273531,-0.00224690517727942,"not chaotic",6,2.72704807129362
"LP_19498","Northwest Atlantic Ocean","Great white shark",0.946125886033054,0.100449164168772,"gr-log",2,1,0.3,-0.0536382750697256,-0.0522369265507365,-0.00435307721256138,"not chaotic",6,1.2116768466428
"LP_19642","New South Wales, Australia","Great white shark",0.576384164816276,0.325667410675619,"gr-log",2,1,0,-0.103040304511096,-0.0989066515248274,-0.00824222096040228,"not chaotic",6,1.60755892840341
"LP_19870","Southern Gulf of St. Lawrence, NAFO 4T","Alewife",0.0288265463894373,0.66876782293039,"gr-ut",3,2,6,-0.0174320181856136,0.000436935044217879,3.64112536848233e-05,"not chaotic",6,1.96491104691468
"LP_19910","Southern Gulf of St. Lawrence, NAFO 4T","Starry ray",0.728144371869366,0.564683587970576,"fd-ut",3,3,0.75,-0.075053541531022,-0.0738502974264996,-0.0061541914522083,"not chaotic",6,1.8140038184823
"LP_20332","Southern Gulf of St. Lawrence, NAFO 4T","Atlantic herring",0.226668625541968,0.0856995534615179,"gr-ut",4,2,0,-0.0568763425128845,-0.0407989358385831,-0.00339991131988193,"not chaotic",6,2.00295310787178
"LP_20406","Southern Gulf of St. Lawrence, NAFO 4T","Lumpfish / Lumpsucker",0.0970029749725599,0.168709467715118,"fd-ut",6,1,2,-0.209822919218255,-0.190801670657552,-0.0159001392214627,"not chaotic",6,2.79734540539952
"LP_20558","Southern Gulf of St. Lawrence, NAFO 4T","Atlantic cod / Cod",0.750409541535835,0.0729640637704535,"gr-ut",2,1,3,-0.241993553312314,-0.206931010156321,-0.0172442508463601,"not chaotic",6,1.37982872810188
"LP_20560","Southern Gulf of St. Lawrence, NAFO 4T","Witch flounder",0.0858791578752588,0.335101143822934,"gr-ut",1,3,0.75,-0.350574095979679,-0.346522894631949,-0.0288769078859957,"not chaotic",6,1
"LP_20563","Southern Gulf of St. Lawrence, NAFO 4T","Sea raven",0.452661668670412,0.48780487194859,"fd-ut",2,1,3,-0.29618544769612,-0.275006625314842,-0.0229172187762368,"not chaotic",6,1.42336888272399
"LP_20564","Southern Gulf of St. Lawrence, NAFO 4T","American plaice",0.791479527261561,0.0984883375068719,"gr-log",6,1,0,-0.139916896121913,-0.132569335702693,-0.0110474446418911,"not chaotic",6,3.099476576201
"LP_20569","Southern Gulf of St. Lawrence, NAFO 4T","Winter skate",0.726023418949604,0.361594938954792,"fd-ut",4,2,8,-0.0680719969991073,-0.0536201612024285,-0.00446834676686904,"not chaotic",6,2.51699710212481
"LP_20570","Southern Gulf of St. Lawrence, NAFO 4T","Yellowtail flounder",0.19002435475474,0.372599640008823,"gr-log",2,2,3,-0.217791174710568,-0.206351993745071,-0.0171959994787559,"not chaotic",6,1.38817879279859
"LP_20578","Southern Gulf of St. Lawrence, NAFO 4T","Longhorn sculpin",0.32541748995684,0.411999780692571,"gr-ut",3,2,0.5,-0.150374814920109,-0.124949233342634,-0.0104124361118862,"not chaotic",6,1.50448462271107
"LP_20582","Southern Gulf of St. Lawrence, NAFO 4T","Marlin-spike grenadier",0.275108113016234,0.114237189034674,"fd-ut",1,1,0,-0.527305617810508,-0.52718713931219,-0.0439322616093492,"not chaotic",6,1
"LP_20583","Southern Gulf of St. Lawrence, NAFO 4T","Rainbow smelt",0.119608814827798,0.940497813622883,"gr-ut",3,1,8,-0.203514277205936,-0.159556006107217,-0.0132963338422681,"not chaotic",6,1.82323932690413
"LP_20585","Southern Gulf of St. Lawrence, NAFO 4T","Longfin hake",0.0422674624943394,0.369923378952269,"gr-ut",1,3,0,-0.210670436130835,-0.208234449486139,-0.0173528707905116,"not chaotic",6,1
"LP_20587","Southern Gulf of St. Lawrence, NAFO 4T","Winter flounder",0.575937928768674,0.442927789697994,"gr-log",2,2,6,-0.125417463553096,-0.0703098610669486,-0.00585915508891238,"not chaotic",6,1.53356364658109
"LP_20588","Southern Gulf of St. Lawrence, NAFO 4T","Greenland halibut",0.775111381078141,0.468183429447608,"gr-ut",1,1,3,-0.276758955578906,-0.251012155347303,-0.0209176796122752,"not chaotic",6,1
"LP_20589","Southern Gulf of St. Lawrence, NAFO 4T","Atlantic mackerel",0.0131823484871508,0.40710646020614,"gr-ut",1,2,0,0.0215446834993907,0.0471646547947142,0.00393038789955952,"chaotic",6,1
"LP_20596","Southern Gulf of St. Lawrence, NAFO 4T","White hake",0.575611003263369,0.432567233108655,"fd-ut",1,1,4,-0.504007129008909,-0.481661703251096,-0.0401384752709247,"not chaotic",6,1
"LP_20597","Southern Gulf of St. Lawrence, NAFO 4T","Ocean pout",0.328386553027988,0.284556257126711,"gr-ut",6,1,1,-0.0574226721604128,-0.0145478633181032,-0.00121232194317526,"not chaotic",6,2.3783651276326
"LP_21690","Area 5DC, Hecate Strait, British Columbi","Rock sole",0.711632737808355,-0.0151687133200424,"fd-ut",6,1,0,-0.0514178013744078,-0.0484871192815772,-0.00404059327346477,"not chaotic",6,3.07541476409499
"LP_21925","NY waters of Lake Ontario's eastern basi","Smallmouth bass",0.535208888463271,0.00891118695524784,"gr-ut",1,1,0,-0.260398349875318,-0.236209304929213,-0.0196841087441011,"not chaotic",6,1
"LP_22039","New Brunswick","White-tailed deer",0.899660371689781,0.143392944955447,"gr-ut",3,1,0,-0.0722688278398416,-0.0680854554531141,-0.00567378795442617,"not chaotic",6,1.66516208592294
"LP_22048","Lower Skeena-CM, Skeena River Watershed ","Chum salmon",0.217630310598401,0.523046110995532,"gr-ut",3,1,8,0.0712004689793207,0.0913670812790406,0.00761392343992005,"chaotic",6,1.98748452840207
"LP_22051","Lower Skeena-CO, Skeena River Watershed ","Coho salmon",0.666695542983729,0.617527682115755,"fd-ut",2,2,6,-0.0633941023606606,-0.0551629475099763,-0.00459691229249803,"not chaotic",6,1.51686635921841
"LP_22052","Middle Skeena-CO, Skeena River Watershed","Coho salmon",0.328377682151655,0.353041510345959,"fd-ut",1,4,0.5,-0.328892472544792,-0.327038414242028,-0.0272532011868357,"not chaotic",6,1
"LP_22137","NY waters of Lake Ontario's eastern basi","American yellow perch",0.643340558513504,0.497775162657817,"gr-ut",1,1,2,-0.754582905353012,-0.700552935515115,-0.0583794112929262,"not chaotic",6,1
"LP_22449","NY waters of Lake Ontario's eastern basi","Walleye",0.577078320993851,0.236605016252931,"fd-ut",1,1,0.5,-0.318127929143329,-0.305283084647387,-0.025440257053949,"not chaotic",6,1
"LP_23029","France","Northern pintail",0.00706632222731551,0.384295480983253,"gr-log",2,2,8,0.10192061551738,0.130215633162814,0.0108513027635678,"chaotic",6,1.46777524754672
"LP_23030","France","Common teal",0.287752862136069,0.292171867051787,"gr-ut",1,1,0.75,-0.35241594553835,-0.346582815796515,-0.0288819013163762,"not chaotic",6,1
"LP_23031","France","Mallard",0.400377036303809,0.113299814719737,"gr-ut",1,1,0,-0.403982800400214,-0.384622843922547,-0.0320519036602123,"not chaotic",6,1
"LP_23032","France","Common pochard",0.500372015607648,0.201727143281891,"gr-ut",2,1,0,-0.453503656928904,-0.433093502925227,-0.0360911252437689,"not chaotic",6,1.06618139305109
"LP_23033","France","Tufted duck",0.401354670142775,0.120228829251205,"fd-ut",2,1,0.5,-0.225384541701816,-0.216453854000693,-0.0180378211667244,"not chaotic",6,1.24890271440498
"LP_23034","France","Eurasian wigeon",0.0698362672820781,0.269186525389803,"fd-ut",1,3,0.1,-0.338144419674534,-0.336745255052849,-0.0280621045877374,"not chaotic",6,1
"LP_23035","France","Gadwall",0.486439407250745,0.212476779771962,"fd-ut",1,1,0.3,-0.347632959344469,-0.338029271970282,-0.0281691059975235,"not chaotic",6,1
"LP_23036","France","Red-crested pochard",0.157006032233529,0.237902629004083,"fd-ut",2,1,0,-0.353517072662186,-0.35191222762699,-0.0293260189689159,"not chaotic",6,1.42044403214244
"LP_23037","France","Northern shoveler",0.355672718561223,0.281204757384531,"fd-ut",1,1,1,-0.353479938319275,-0.320477219154488,-0.0267064349295407,"not chaotic",6,1
"LP_23038","France","Common shelduck",0.750259398303013,0.104420409308572,"gr-ut",1,1,4,-0.714810161661692,-0.688859440884061,-0.0574049534070051,"not chaotic",6,1
"LP_26510","North Sea","European eel",0.79952843343095,0.341811867825269,"fd-ut",6,1,0,-0.0420589110431178,-0.0409668506317682,-0.00341390421931402,"not chaotic",6,2.62522211906724
"LP_26511","Southern and Western Europe","European eel",0.791168150924204,0.241144020526658,"gr-log",5,1,0,-0.055294543126558,-0.0505615258402018,-0.00421346048668348,"not chaotic",6,2.46568133919086
"LP_27830","Bia?Úowie??a Forest (Belarusian part)","Eurasian lynx",0.48919570119348,0.281236071070378,"fd-ut",1,1,0.75,-0.752330754911647,-0.72358964097137,-0.0602991367476142,"not chaotic",6,1
"LP_27918","High Tatras Mountains","Tatra chamois / Alpine chamois",0.872125321977553,0.728772679892409,"fd-ut",3,3,6,0.0261071977494706,0.0438709294185182,0.00365591078487652,"chaotic",6,1.83402266190321
"LP_300019","New South Wales coast Australia","Smooth hammerhead",0.636162550997453,0.186587080265317,"fd-ut",4,1,0.5,-0.133938280158271,-0.13036134657341,-0.0108634455477841,"not chaotic",6,2.24069059020163
"1519_1737_Air","Suffolk county, NY","Mosquitos",0.359467596354756,0.422271384878849,"fd-ut",1,1,1.5,-1.137176667081,-1.0059073337503,-0.0838256111458586,"not chaotic",6,1
"1519_1738_Air","Ocean county NJ","Mosquitos",0.13249237115685,0.454827541193583,"gr-log",3,1,4,-0.102445597558875,-0.0630127091144696,-0.00525105909287247,"not chaotic",6,1.93005208930682
"1527_1739_Air","Sutter-Yuba, CA","Mosquitos",0.274493582458211,0.284977441288374,"gr-log",2,1,4,-0.0259927021945542,-0.00846665358717392,-0.000705554465597827,"not chaotic",6,1.5038709903287
"1429_135_Water","Lake Oneida","Freshwater invertebrates",0.50621080035967,0.290220699297402,"gr-log",2,1,3,-0.264219036492878,-0.221266218977092,-0.0184388515814244,"not chaotic",6,1.36389264383893
"1429_136_Water","Lake Oneida","Freshwater invertebrates",0.376529798025772,0.338018898981764,"gr-ut",4,1,0,-0.0612674670017024,-0.0510525267038951,-0.00425437722532459,"not chaotic",6,1.85656304072209
"1520_1801_Air","Black hawk county","Mosquitos",0.218811418773013,0.393182616459449,"fd-ut",3,2,0,-0.37310423452153,-0.362813774985166,-0.0302344812487638,"not chaotic",6,1.25590516320888
"1520_1802_Air","Black hawk county","Mosquitos",-0.0128334124829039,0.502740907194463,"gr-ut",2,4,6,0.0119326515888862,0.03180439823868,0.00265036651989,"chaotic",6,1.41559829397618
"1520_1803_Air","Black hawk county","Mosquitos",0.429799512651144,0.340176702246537,"gr-log",3,2,3,-0.0822832490262714,-0.071368067109048,-0.005947338925754,"not chaotic",6,1.93245020666698
"1520_1819_Air","Scott county","Mosquitos",0.162397073052631,0.540450877069364,"fd-ut",3,1,0,-0.81862201611104,-0.806949610857239,-0.0672458009047699,"not chaotic",6,1.43367519502354
"1378_24_Air","Tirimbina_Biological_Reserve","Butterflies",0.0478764219615505,0.387510724974394,"fd-ut",2,1,2,-0.673708343514138,-0.663465457317931,-0.663465457317931,"not chaotic",12,1.53220833291264
"1379_31_Air","La_Selva_Lodge","Butterflies",0.411057862404772,0.235503456722733,"fd-ut",1,1,0.3,-0.516236645588369,-0.512860777734152,-0.512860777734152,"not chaotic",12,1
"1382_15_Air","FrayJorge","All arthropods",0.278650320120177,0.341983462930789,"fd-ut",1,1,1.5,-0.312604804670721,-0.3076426977578,-0.3076426977578,"not chaotic",12,1
"1382_15_Soil surface","FrayJorge","All arthropods",0.415970309305073,0.412406682298823,"gr-ut",6,4,8,0.047947671692178,0.0513146653081663,0.0513146653081663,"chaotic",12,3.32785834236994
"1394_3_Air","Makerere University Field Station","Butterflies",0.338467536077998,0.151533978579714,"gr-ut",1,1,0,-0.439657007485547,-0.426221278097022,-0.426221278097022,"not chaotic",12,1
"1481_1686_Air","Kibutz Sasa","Butterflies",0.61365883656964,0.816466486212885,"gr-ut",5,1,3,-0.00267111965658033,0.0136626297746854,0.0136626297746854,"not chaotic",12,2.31405674446543
"1526_1841_Air","Lee","Mosquitos",0.235156695070925,0.35928610228656,"gr-ut",6,1,0.3,-0.0484048003122012,-0.0143908829441868,-0.0143908829441868,"not chaotic",12,1.70561388317101
"1526_1842_Air","Lee","Mosquitos",0.0744772436778094,0.0399672634646457,"fd-ut",1,1,0,-0.587050764930451,-0.585624023244168,-0.585624023244168,"not chaotic",12,1
"1526_1843_Air","Lee","Mosquitos",0.207234272671458,0.220858189530973,"fd-ut",5,1,0.5,-0.142397382744696,-0.13246855161848,-0.13246855161848,"not chaotic",12,2.046410947289
"1526_1844_Air","Lee","Mosquitos",0.308450073011352,0.232014621299079,"gr-log",3,1,0,-0.0782050749108126,-0.046413009754201,-0.046413009754201,"not chaotic",12,1.74122303434779
"1526_1845_Air","Lee","Mosquitos",0.503988740275312,0.334699780652103,"fd-ut",1,1,8,0.303426047874076,0.328539219880611,0.328539219880611,"chaotic",12,1
"1526_1846_Air","Lee","Mosquitos",0.288945696132739,0.240001846519285,"gr-log",6,1,0,-0.112467907448729,-0.0174806908448136,-0.0174806908448136,"not chaotic",12,3.14033396351075
"1526_1847_Air","Lee","Mosquitos",0.456860724357026,0.347524775064989,"fd-ut",5,1,0.5,-0.150999242215821,-0.149851380610623,-0.149851380610623,"not chaotic",12,2.03962048730855
"1526_1848_Air","Lee","Mosquitos",0.288021206973522,0.460116528390846,"gr-log",5,1,4,0.300206818112115,0.330616450420195,0.330616450420195,"chaotic",12,2.54916094663183
"1526_1849_Air","Lee","Mosquitos",0.496031719426126,0.291496513516572,"gr-log",6,1,3,0.0237148276823318,0.0622038632140614,0.0622038632140614,"chaotic",12,2.9482960223159
"1526_1850_Air","Lee","Mosquitos",0.18501977518874,0.205820971308959,"fd-ut",1,1,0.5,-0.378830846135973,-0.345520882753178,-0.345520882753178,"not chaotic",12,1
"1526_1852_Air","Lee","Mosquitos",0.306177712479808,0.234960483025253,"gr-log",2,1,0,-0.433686864539701,-0.388217412553085,-0.388217412553085,"not chaotic",12,1.28529856676842
"1526_1853_Air","Lee","Mosquitos",0.367115288056234,0.378683782314834,"fd-ut",6,1,3,0.0641670717309418,0.116365486242701,0.116365486242701,"chaotic",12,3.01862171169484
"1526_1855_Air","Lee","Mosquitos",0.374580316942009,0.330207443694206,"gr-ut",6,1,1.5,-0.079988749829287,-0.00936116303261951,-0.00936116303261951,"not chaotic",12,2.62233432482067
"1526_1856_Air","Lee","Mosquitos",0.439095312084343,0.305116634256978,"gr-log",3,1,0,0.0400456957082765,0.0841222303937774,0.0841222303937774,"chaotic",12,1.88274993921087
"1526_1857_Air","Lee","Mosquitos",0.478406559552182,0.707723927149066,"gr-log",6,1,3,0.178525812485871,0.210578116845452,0.210578116845452,"chaotic",12,3.15664743641855
"1526_1858_Air","Lee","Mosquitos",0.387465226260186,0.282236310884196,"gr-ut",6,1,2,0.0968857914844242,0.138761848151414,0.138761848151414,"chaotic",12,2.29943962342724
"1526_1859_Air","Lee","Mosquitos",0.185139646426324,0.62621082518231,"gr-ut",4,2,6,0.13393473141131,0.15909192142421,0.15909192142421,"chaotic",12,2.19782322456183
